Name,Iteration,Value
Task A,1,27.00646590723705
Task A,2,33.75715703502379
Task A,3,27.413656758614607
Task A,4,26.013636695807918
Task A,5,51.42238917237253
Task A,6,35.265847052332575
Task A,7,14.122066848753457
Task A,8,25.775681748594657
Task A,9,22.794734765515365
Task A,10,41.81264880509393
Task A,11,32.83108626823818
Task A,12,36.07607291941511
Task A,13,38.757812258194235
Task A,14,56.96022985090191
Task A,15,24.528341689393798
Task A,16,35.45886705397156
Task A,17,25.951432621639917
Task A,18,27.99856392753174
Task A,19,24.96538513343534
Task A,20,57.46385581221206
Task A,21,34.45162227878479
Task A,22,23.67911403122004
Task A,23,59.47455280816306
Task A,24,27.538579012405634
Task A,25,12.068644424091255
Task A,26,41.36470898092327
Task A,27,31.10890772489484
Task A,28,19.99477762878865
Task A,29,21.81114501292378
Task A,30,41.32830244425128
Task A,31,22.628590030921323
Task A,32,30.965225582472527
Task A,33,25.864639309345478
Task A,34,53.02396570637857
Task A,35,15.37742810978986
Task A,36,22.791453062682614
Task A,37,47.97404312667586
Task A,38,30.60055583358749
Task A,39,25.235605342730558
Task A,40,23.217299808568907
Task A,41,37.1991171966654
Task A,42,27.14513436994943
Task A,43,32.07461484744154
Task A,44,41.86203149544137
Task A,45,28.808882854996874
Task A,46,31.647864240574155
Task A,47,24.257208372103342
Task A,48,17.67634316539678
Task A,49,30.375153723103583
Task A,50,16.167905328930356
Task A,51,36.60707583407505
Task A,52,41.341666533550956
Task A,53,34.23132383083495
Task A,54,41.54576992487618
Task A,55,16.041682939469496
Task A,56,30.906772305592817
Task A,57,20.37078801924121
Task A,58,51.3642545088525
Task A,59,44.444313019114546
Task A,60,29.02987957142221
Task A,61,30.897071581273753
Task A,62,34.0969717994937
Task A,63,20.19449387103161
Task A,64,31.848826658832394
Task A,65,42.56299580034026
Task A,66,24.978351086265505
Task A,67,28.08498784798429
Task A,68,34.46987962025515
Task A,69,28.503748741658857
Task A,70,45.200901805224575
Task A,71,38.282847733519326
Task A,72,20.29452674741458
Task A,73,43.7167663856818
Task A,74,26.066209496853496
Task A,75,32.066476280461345
Task A,76,19.929665693543846
Task A,77,24.219956662553873
Task A,78,25.255318829013014
Task A,79,39.08429092709852
Task A,80,38.79630720835539
Task A,81,35.50664609686801
Task A,82,23.857333647782937
Task A,83,28.1498335608732
Task A,84,47.02721154815078
Task A,85,23.558184528975303
Task A,86,29.229902677760357
Task A,87,15.15263570553554
Task A,88,28.43864949112184
Task A,89,37.29813677834498
Task A,90,33.4187265291507
Task A,91,54.522906553508236
Task A,92,20.80060820332075
Task A,93,25.46348707294932
Task A,94,27.650467813483132
Task A,95,21.42834532719055
Task A,96,26.820215494284476
Task A,97,48.1427442830411
Task A,98,27.646167984360304
Task A,99,31.916036146960444
Task A,100,14.344425395844201
Task A,101,21.591332183752932
Task A,102,44.80495294038401
Task A,103,47.86869735626101
Task A,104,40.19311946035597
Task A,105,23.76230413586601
Task A,106,17.482129962474403
Task A,107,18.326038129214357
Task A,108,59.21529389784561
Task A,109,34.7662598806146
Task A,110,42.86339099622763
Task A,111,44.22264032540891
Task A,112,22.276299956219347
Task A,113,16.056516526801428
Task A,114,21.760664069249756
Task A,115,22.705219437903377
Task A,116,36.678895391912846
Task A,117,33.51164541683289
Task A,118,44.975020746390605
Task A,119,46.286721957112164
Task A,120,45.82882704263701
Task A,121,27.239899810915922
Task A,122,21.742115332928478
Task A,123,47.286495409540265
Task A,124,32.21948210694964
Task A,125,38.32600947954646
Task A,126,40.99830974898181
Task A,127,41.0927605924522
Task A,128,42.72391487400966
Task A,129,39.13453696135648
Task A,130,38.26893302763412
Task A,131,47.288707400761496
Task A,132,32.108053978306714
Task A,133,28.77165764000672
Task A,134,15.236048334641701
Task A,135,42.03513864696661
Task A,136,36.252907588501664
Task A,137,22.458448835777613
Task A,138,42.65407329853736
Task A,139,27.009635559680348
Task A,140,20.01299733567548
Task A,141,40.98773622252703
Task A,142,39.120537276112074
Task A,143,38.04093337354645
Task A,144,23.99651135918246
Task A,145,42.279576884102624
Task A,146,35.29758903873207
Task A,147,38.147266850490254
Task A,148,14.17966719141494
Task A,149,14.987778291670107
Task A,150,30.44595655989075
Task A,151,30.186871778568804
Task A,152,45.0843299001133
Task A,153,32.84843162745722
Task A,154,47.05864033515695
Task A,155,34.264197215700406
Task A,156,27.084474515752653
Task A,157,31.233948716622397
Task A,158,18.018579031164244
Task A,159,52.573699259352765
Task A,160,36.692935207344476
Task A,161,22.378433602119784
Task A,162,17.250803047847725
Task A,163,26.783228131071127
Task A,164,28.323670636007048
Task A,165,36.496158012140185
Task A,166,29.137548501147517
Task A,167,46.57058181238846
Task A,168,47.15320722030537
Task A,169,24.49150197681527
Task A,170,22.143933043683525
Task A,171,40.714783546954536
Task A,172,42.18489000152353
Task A,173,27.943141481140607
Task A,174,29.2316311554216
Task A,175,37.02040264277727
Task A,176,46.14268635621397
Task A,177,24.13899589124694
Task A,178,29.88180053564598
Task A,179,19.558586184532693
Task A,180,35.11805229396109
Task A,181,32.43557088080114
Task A,182,47.29919968730409
Task A,183,16.0031803495172
Task A,184,24.31387123399886
Task A,185,40.1506946307255
Task A,186,33.2047383857536
Task A,187,25.110055464977428
Task A,188,30.596153899600797
Task A,189,56.09203326693246
Task A,190,25.90190379801605
Task A,191,37.58559554159358
Task A,192,29.4204082363503
Task A,193,31.862999564229536
Task A,194,43.21928245283764
Task A,195,35.12062806247412
Task A,196,18.25369292334213
Task A,197,22.33482805003042
Task A,198,23.155175972519384
Task A,199,37.82266254678113
Task A,200,46.797345449265535
Task A,201,19.851518802719625
Task A,202,17.326584118950787
Task A,203,55.21678841991416
Task A,204,45.868252396287694
Task A,205,24.362837463831774
Task A,206,38.51191074192337
Task A,207,14.748608108655864
Task A,208,22.846989609342646
Task A,209,46.689031150150534
Task A,210,13.146656581356352
Task A,211,47.709841803994344
Task A,212,45.04938342881797
Task A,213,26.122796177031105
Task A,214,22.212476550261584
Task A,215,30.579975356284226
Task A,216,22.137052142443498
Task A,217,22.964253246985976
Task A,218,23.61615696097293
Task A,219,38.89792771800047
Task A,220,26.16367829442303
Task A,221,35.9304140097976
Task A,222,24.049551167244292
Task A,223,30.2855638787001
Task A,224,42.15575651307522
Task A,225,18.8631984598617
Task A,226,34.39300513046178
Task A,227,42.989898230944284
Task A,228,30.05600380182172
Task A,229,27.1669389799277
Task A,230,23.268275106714032
Task A,231,40.09260470167071
Task A,232,22.75198940592992
Task A,233,45.20088639551159
Task A,234,38.93142072895018
Task A,235,18.29027240631262
Task A,236,48.00563344234499
Task A,237,51.86550090731277
Task A,238,51.86439593361095
Task A,239,35.22566681642349
Task A,240,47.4516981953513
Task A,241,22.67946588339879
Task A,242,14.05476834780914
Task A,243,34.108926299062674
Task A,244,48.984079378160374
Task A,245,34.26032799112818
Task A,246,36.22750533660464
Task A,247,42.352164481695176
Task A,248,38.69392378445616
Task A,249,40.787240273655996
Task A,250,24.048833977765263
Task A,251,27.533767432312175
Task A,252,28.9383442483437
Task A,253,48.659564526834544
Task A,254,30.389981655817014
Task A,255,33.42701918821099
Task A,256,50.23329234327362
Task A,257,25.211733795850314
Task A,258,47.51561241921088
Task A,259,28.94964353060099
Task A,260,37.639259815053286
Task A,261,12.016346137512322
Task A,262,18.467022700454297
Task A,263,30.629021110006043
Task A,264,18.0392596260293
Task A,265,23.139125905038025
Task A,266,30.27495206841755
Task A,267,45.77564545114409
Task A,268,19.274773067568468
Task A,269,48.395934689882914
Task A,270,38.29980315388194
Task A,271,21.65752322587963
Task A,272,13.589293030423047
Task A,273,50.10123844066023
Task A,274,44.5336787103858
Task A,275,29.299090425086117
Task A,276,34.79973990512255
Task A,277,15.283965663950017
Task A,278,43.38455616942137
Task A,279,40.52998610482546
Task A,280,37.9656203872583
Task A,281,52.57716166339666
Task A,282,15.574857575765058
Task A,283,15.463296427390812
Task A,284,27.234462999179122
Task A,285,31.73335948720321
Task A,286,20.608365157302934
Task A,287,44.05392966875967
Task A,288,26.09235931125471
Task A,289,25.148552093964497
Task A,290,35.4493879013782
Task A,291,39.22482826993871
Task A,292,47.66988541096444
Task A,293,49.14503351225235
Task A,294,47.30680410047828
Task A,295,49.06156280179927
Task A,296,16.488024150004918
Task A,297,13.279028379497513
Task A,298,46.798275239118865
Task A,299,51.029283095094485
Task A,300,32.352912089327006
Task A,301,24.844211961129474
Task A,302,39.35809477611266
Task A,303,28.67574757786745
Task A,304,27.954750231995995
Task A,305,30.755945867069652
Task A,306,33.697035732541046
Task A,307,31.15251557132578
Task A,308,21.758439646711956
Task A,309,29.746507689178955
Task A,310,40.04222782717792
Task A,311,20.64075391790288
Task A,312,33.40606666052568
Task A,313,27.549681612936105
Task A,314,16.63625741686651
Task A,315,31.443932913881504
Task A,316,34.637711400581914
Task A,317,14.988436736339256
Task A,318,23.22383859348476
Task A,319,23.616813679349292
Task A,320,41.26346064221276
Task A,321,14.319924042819107
Task A,322,12.402535081599074
Task A,323,25.27785997053637
Task A,324,42.313203859234974
Task A,325,47.44609418738766
Task A,326,14.38521465377274
Task A,327,40.87180559999656
Task A,328,28.133571939710013
Task A,329,26.732781251581407
Task A,330,43.699977503122774
Task A,331,22.658994168822627
Task A,332,21.231685280091817
Task A,333,58.555304801596186
Task A,334,17.273911571230798
Task A,335,44.76008280337131
Task A,336,30.82652143230863
Task A,337,44.117881487498735
Task A,338,32.34852842744304
Task A,339,40.803528291010906
Task A,340,26.085767301503125
Task A,341,42.930329710522884
Task A,342,46.248790201078265
Task A,343,35.789872899393934
Task A,344,33.576784971367076
Task A,345,30.386937324958787
Task A,346,19.168400692505955
Task A,347,28.628128134193005
Task A,348,18.183997708654527
Task A,349,50.00300486940705
Task A,350,36.10325677128074
Task A,351,20.620263828180686
Task A,352,27.180154845362743
Task A,353,21.314079131707835
Task A,354,27.286640925302223
Task A,355,33.634598507626244
Task A,356,40.36441991186255
Task A,357,32.22915909622366
Task A,358,35.45505081751673
Task A,359,31.48961298209484
Task A,360,19.529318050607685
Task A,361,41.45111527242183
Task A,362,31.643291423987208
Task A,363,48.87215355706914
Task A,364,24.33115543456958
Task A,365,34.7879566122525
Task A,366,44.810038498573356
Task A,367,52.2321509036834
Task A,368,26.382518677252648
Task A,369,26.857997346706128
Task A,370,33.327870102695464
Task A,371,19.816392855272653
Task A,372,32.79004125226193
Task A,373,38.2179460227604
Task A,374,27.71726077245581
Task A,375,19.35896170048668
Task A,376,48.489870929002834
Task A,377,45.1585203544861
Task A,378,36.870422174417186
Task A,379,32.202223034759406
Task A,380,27.469262042548927
Task A,381,28.040642467402478
Task A,382,50.862090208666444
Task A,383,37.527531067558556
Task A,384,32.501236772885804
Task A,385,44.64764535899229
Task A,386,31.421619418982612
Task A,387,44.061266604850516
Task A,388,23.33051479262233
Task A,389,18.341384308901297
Task A,390,25.36755590828089
Task A,391,35.067932994895756
Task A,392,31.255333998014407
Task A,393,36.59687279242626
Task A,394,28.973499225431677
Task A,395,50.25856554847888
Task A,396,33.263588021072806
Task A,397,53.9024783957068
Task A,398,31.082056417416172
Task A,399,44.96556011986832
Task A,400,13.341349990298731
Task A,401,16.893945794757474
Task A,402,54.98320658199316
Task A,403,13.315568321586223
Task A,404,45.2571411815523
Task A,405,17.124143663542966
Task A,406,24.696081513431636
Task A,407,47.76687988633067
Task A,408,54.9723922793518
Task A,409,26.168301244461418
Task A,410,58.589855334214526
Task A,411,40.54187091501347
Task A,412,30.666751825578217
Task A,413,25.57050803864046
Task A,414,34.53009001413197
Task A,415,37.27693680641386
Task A,416,38.18430023364647
Task A,417,26.050781109697354
Task A,418,38.85017992820372
Task A,419,51.28216790370231
Task A,420,27.17249188861168
Task A,421,26.026703748372157
Task A,422,33.219248764899646
Task A,423,23.34012718741027
Task A,424,21.086779535888297
Task A,425,13.488245503159394
Task A,426,36.68638311650537
Task A,427,14.248302374426535
Task A,428,48.37715713387205
Task A,429,13.225724058058292
Task A,430,28.528674209728234
Task A,431,31.2558332870793
Task A,432,42.78377081764093
Task A,433,23.65256619900233
Task A,434,35.60535916851694
Task A,435,31.784269421971118
Task A,436,25.544415912408823
Task A,437,46.11459834937843
Task A,438,40.48904706897578
Task A,439,54.664943057130614
Task A,440,18.52765799127304
Task A,441,43.67197358523851
Task A,442,15.32975331949059
Task A,443,23.283392653343324
Task A,444,34.53018141868631
Task A,445,29.0943479657291
Task A,446,34.11908508044744
Task A,447,16.43634368895262
Task A,448,18.04072548040292
Task A,449,49.45917277119364
Task A,450,22.950854880334603
Task A,451,51.68699723290074
Task A,452,54.009272927327906
Task A,453,34.39163642072617
Task A,454,36.154219263515934
Task A,455,23.52404087166445
Task A,456,40.789768888834324
Task A,457,44.93114417708418
Task A,458,30.200115086415725
Task A,459,33.06934803912405
Task A,460,17.90010449408862
Task A,461,21.64880176530047
Task A,462,17.992677897225953
Task A,463,26.790561018095424
Task A,464,24.57484290521967
Task A,465,24.498152685783094
Task A,466,41.622552148288406
Task A,467,13.168449177487965
Task A,468,53.65768572527776
Task A,469,22.19974915580779
Task A,470,50.795475936003875
Task A,471,56.748809040419495
Task A,472,46.23313527741394
Task A,473,29.59987614918204
Task A,474,32.570889786376654
Task A,475,32.83355647331278
Task A,476,24.406538072158668
Task A,477,14.674648274338896
Task A,478,18.810120526180093
Task A,479,38.88131819517126
Task A,480,40.486255574071826
Task A,481,27.541797951029487
Task A,482,21.80400086222234
Task A,483,29.567333403690558
Task A,484,37.93084710805939
Task A,485,23.113542966910057
Task A,486,14.900015231062278
Task A,487,25.13346370609687
Task A,488,39.803645110789816
Task A,489,37.217911320357786
Task A,490,25.765550560392093
Task A,491,32.07610292246851
Task A,492,31.082106915261516
Task A,493,21.20414110135362
Task A,494,22.64333040561217
Task A,495,34.374301547657836
Task A,496,25.984660449482476
Task A,497,15.238154355236528
Task A,498,26.661937569709245
Task A,499,43.60050542327703
Task A,500,16.872309306569075
Task A,501,40.110594408645284
Task A,502,28.44631074276168
Task A,503,38.390697367114754
Task A,504,39.015576784556316
Task A,505,36.41628739916489
Task A,506,38.089994592867875
Task A,507,24.865941629548622
Task A,508,43.44593915096182
Task A,509,43.57535436076278
Task A,510,26.66289299031159
Task A,511,16.364472224940727
Task A,512,30.07778184090228
Task A,513,28.927092780992425
Task A,514,41.96815170114339
Task A,515,20.39904349578669
Task A,516,23.744464435316793
Task A,517,42.31871875776797
Task A,518,38.460432344863385
Task A,519,23.78956320777153
Task A,520,24.77799343016505
Task A,521,30.593096539575612
Task A,522,43.35221692608792
Task A,523,15.645011528132105
Task A,524,19.05108355436498
Task A,525,36.5078552348045
Task A,526,30.184148056507375
Task A,527,19.85010094826825
Task A,528,15.203185558490302
Task A,529,51.2032234628592
Task A,530,26.089668051380507
Task A,531,21.56153863458031
Task A,532,13.9134139457488
Task A,533,32.4847224684183
Task A,534,21.492954016774164
Task A,535,48.40529293999748
Task A,536,23.620596121904292
Task A,537,35.72430850146985
Task A,538,32.98525351224577
Task A,539,17.89378725942966
Task A,540,39.47108299241859
Task A,541,34.3187447086149
Task A,542,35.01195946989225
Task A,543,48.93382115919021
Task A,544,42.613297905948656
Task A,545,42.196698444454896
Task A,546,32.39032009858401
Task A,547,47.965564164479844
Task A,548,19.387976473132692
Task A,549,37.81351724814369
Task A,550,37.32914664386004
Task A,551,25.8340527868642
Task A,552,28.923067575645543
Task A,553,43.30563496948058
Task A,554,24.20433261296493
Task A,555,34.17652470990019
Task A,556,40.16692974345494
Task A,557,32.245134438265104
Task A,558,22.870911907933174
Task A,559,22.209740242516226
Task A,560,29.777549417206654
Task A,561,27.957805987842285
Task A,562,43.071273951440915
Task A,563,24.536353014127098
Task A,564,15.147559476777015
Task A,565,33.804582692851895
Task A,566,22.94958074211703
Task A,567,40.54823099128175
Task A,568,14.874978198916146
Task A,569,52.06448954289317
Task A,570,33.3265099189488
Task A,571,34.991715382980644
Task A,572,20.196716456458155
Task A,573,31.962063637074518
Task A,574,28.06386575330114
Task A,575,16.586942618571282
Task A,576,22.3635012381624
Task A,577,51.00193194830657
Task A,578,30.869296151463974
Task A,579,31.625138567458652
Task A,580,23.965618681829064
Task A,581,25.379140682747078
Task A,582,42.15288363009915
Task A,583,39.48114424842606
Task A,584,48.37864973615633
Task A,585,33.60262766269457
Task A,586,39.69514344034653
Task A,587,36.95740468106921
Task A,588,41.38291396296299
Task A,589,25.131933363609072
Task A,590,20.24958866902569
Task A,591,23.45865367529754
Task A,592,16.716224628162184
Task A,593,19.79119757544811
Task A,594,27.597278378974032
Task A,595,26.73049216846853
Task A,596,44.64888939498877
Task A,597,24.271574071717026
Task A,598,29.267681681402532
Task A,599,52.020328343975216
Task A,600,13.796552879083144
Task A,601,46.594611555828365
Task A,602,37.58442485017963
Task A,603,19.38395861115209
Task A,604,32.884130896412785
Task A,605,25.516679786447078
Task A,606,33.47212984494216
Task A,607,36.8740390638106
Task A,608,42.28445994707015
Task A,609,39.83627729116067
Task A,610,12.278638792344362
Task A,611,28.73847012289609
Task A,612,29.70815754162243
Task A,613,26.790228779342343
Task A,614,24.95462393936343
Task A,615,25.05180504497166
Task A,616,44.63580218020415
Task A,617,28.40464892917591
Task A,618,25.20678129238624
Task A,619,20.686915359760462
Task A,620,19.51194287712875
Task A,621,24.316928291780894
Task A,622,34.43292186327916
Task A,623,25.09186108047342
Task A,624,39.386669552885934
Task A,625,33.41776763985064
Task A,626,37.10696710147499
Task A,627,32.24190146711986
Task A,628,48.44900683625522
Task A,629,20.770357281798574
Task A,630,22.651753378597004
Task A,631,51.49463542699932
Task A,632,46.83676746071089
Task A,633,26.6070638588346
Task A,634,39.86720067025858
Task A,635,53.91387391714898
Task A,636,22.179474085751927
Task A,637,31.65564774919071
Task A,638,32.6123525847429
Task A,639,15.197990400143205
Task A,640,30.435998831368902
Task A,641,37.32730257787245
Task A,642,36.344771918922845
Task A,643,30.230804244047512
Task A,644,32.9361228135848
Task A,645,31.70052794594138
Task A,646,18.34880228108232
Task A,647,20.5159601120408
Task A,648,17.71443544464538
Task A,649,25.484413283205008
Task A,650,28.39786432212666
Task A,651,39.187649763445044
Task A,652,18.76620973334633
Task A,653,22.883921732235414
Task A,654,36.079640762808744
Task A,655,25.36465824631071
Task A,656,20.469171012639436
Task A,657,36.81783283427714
Task A,658,21.67279453743624
Task A,659,14.989692656630778
Task A,660,30.61910121132688
Task A,661,40.339000867482376
Task A,662,16.947326676418964
Task A,663,34.83053964078405
Task A,664,30.023479571861188
Task A,665,43.50219999554306
Task A,666,48.87054009432733
Task A,667,28.20503832980114
Task A,668,37.31015327255956
Task A,669,39.67078192978143
Task A,670,51.47471255960856
Task A,671,27.57102546883167
Task A,672,31.699023064049825
Task A,673,23.396634782546073
Task A,674,38.3269984319472
Task A,675,28.3685934793317
Task A,676,30.61036333187859
Task A,677,28.778148677139544
Task A,678,40.00713978238598
Task A,679,13.621253308303151
Task A,680,20.491455709603244
Task A,681,30.8098965412417
Task A,682,12.470107124728852
Task A,683,22.86675876846715
Task A,684,31.960073283594195
Task A,685,20.62481906557815
Task A,686,28.829898232193813
Task A,687,27.831510710595218
Task A,688,23.442468719304358
Task A,689,38.062374974683884
Task A,690,39.65866823373619
Task A,691,28.298682801110186
Task A,692,25.19692043919361
Task A,693,29.848209624368465
Task A,694,30.470097871031953
Task A,695,20.920146401034863
Task A,696,20.527338495335883
Task A,697,27.283666577497833
Task A,698,41.65925455197184
Task A,699,17.39696711575297
Task A,700,37.87923474581339
Task A,701,13.878498473660892
Task A,702,30.455760837795243
Task A,703,30.40449651452955
Task A,704,36.985940531181136
Task A,705,36.245521198263916
Task A,706,31.216907921047483
Task A,707,16.069869633828205
Task A,708,39.48046459316089
Task A,709,50.2952682697763
Task A,710,31.139940102142486
Task A,711,25.473483754378584
Task A,712,19.578344165116953
Task A,713,34.214079019193264
Task A,714,27.745277927636366
Task A,715,40.13513338125667
Task A,716,28.363338996479605
Task A,717,19.44776364114407
Task A,718,53.88523797836877
Task A,719,29.36814824339467
Task A,720,37.16105655249082
Task A,721,28.48788990866024
Task A,722,17.807161613884933
Task A,723,20.52148298736365
Task A,724,20.257845652039386
Task A,725,23.347770825887466
Task A,726,28.15825491211124
Task A,727,40.56420201695723
Task A,728,35.17679583880087
Task A,729,41.997180324657606
Task A,730,25.700934855726956
Task A,731,17.57438333905998
Task A,732,36.87871273977754
Task A,733,22.587298939317165
Task A,734,26.846525533930397
Task A,735,44.034502328868385
Task A,736,35.446790852012086
Task A,737,38.64509312808247
Task A,738,19.959437847719013
Task A,739,25.254138691949002
Task A,740,31.15663905918377
Task A,741,26.588161305458208
Task A,742,36.04050500139846
Task A,743,22.25743251469446
Task A,744,11.701952936545503
Task A,745,25.063474434437204
Task A,746,42.8680655772773
Task A,747,33.64789379933636
Task A,748,34.95547137553341
Task A,749,55.51022320560523
Task A,750,34.10833048334994
Task A,751,24.962276354747203
Task A,752,16.48580973869126
Task A,753,26.857257591412967
Task A,754,28.92492889419496
Task A,755,25.896700378796638
Task A,756,49.985328883188124
Task A,757,26.90105945915569
Task A,758,43.84636387613905
Task A,759,33.8317970943062
Task A,760,35.496350148937566
Task A,761,23.92183129830996
Task A,762,27.02466566388776
Task A,763,26.642356328354722
Task A,764,23.138621841933283
Task A,765,43.475479199453304
Task A,766,20.755343980124167
Task A,767,22.50323079305457
Task A,768,24.800099672729395
Task A,769,39.26048472041819
Task A,770,32.66472512504524
Task A,771,47.85964627674972
Task A,772,23.032181014425326
Task A,773,53.93554524166156
Task A,774,43.419189264311704
Task A,775,28.754886559575308
Task A,776,30.951755788334584
Task A,777,46.812218276159854
Task A,778,20.77891074310885
Task A,779,50.58385371910624
Task A,780,22.40654136353082
Task A,781,30.84266409531084
Task A,782,16.468457142906068
Task A,783,18.097597473963816
Task A,784,31.838464267651258
Task A,785,15.099188072500757
Task A,786,31.111742394387242
Task A,787,25.626461255342342
Task A,788,20.025060140238477
Task A,789,30.662956224977155
Task A,790,29.393212987514392
Task A,791,18.82080102930187
Task A,792,28.278268532326855
Task A,793,40.43983597958852
Task A,794,36.10129063472053
Task A,795,25.06162199699947
Task A,796,39.50466173303271
Task A,797,22.392354758807137
Task A,798,33.62676617574273
Task A,799,29.630876248956085
Task A,800,24.54561873121103
Task A,801,23.56314608619858
Task A,802,28.0450109057739
Task A,803,27.271387403148694
Task A,804,38.59284660176719
Task A,805,33.440872343690685
Task A,806,25.53199315300032
Task A,807,16.05961441981196
Task A,808,57.97409101277869
Task A,809,35.5687625354884
Task A,810,51.50030202857054
Task A,811,30.656327200903043
Task A,812,43.56957100851177
Task A,813,41.0382250588081
Task A,814,30.090772326859856
Task A,815,15.042446587085143
Task A,816,28.93851397569188
Task A,817,19.352115155905388
Task A,818,25.273042599244185
Task A,819,41.42401848130988
Task A,820,31.83169453495149
Task A,821,36.75715916778811
Task A,822,46.030793243454205
Task A,823,35.13345423262724
Task A,824,27.688975413688624
Task A,825,16.770544568764837
Task A,826,58.22269428634708
Task A,827,52.23992135052427
Task A,828,27.69424486279452
Task A,829,23.569691815370668
Task A,830,13.998418693326663
Task A,831,21.439217518919705
Task A,832,22.730133657761208
Task A,833,50.409619268858094
Task A,834,32.49195023056173
Task A,835,34.671561991702205
Task A,836,27.75886610291338
Task A,837,39.26698606553657
Task A,838,31.857486489512677
Task A,839,35.26590595500118
Task A,840,27.74489736063812
Task A,841,26.270452925865705
Task A,842,47.02072294654144
Task A,843,33.62064658514256
Task A,844,38.56103518859729
Task A,845,51.56329953433064
Task A,846,51.458343349749406
Task A,847,40.197272108052644
Task A,848,36.379138107175386
Task A,849,23.737469711645574
Task A,850,15.573702729099265
Task A,851,23.806247756048908
Task A,852,14.875544010425083
Task A,853,37.5753167085104
Task A,854,37.17023109708955
Task A,855,27.3901756201548
Task A,856,22.69776371689173
Task A,857,37.49699668568684
Task A,858,20.129863123046892
Task A,859,26.517053817502998
Task A,860,37.419795601114764
Task A,861,29.7233623866478
Task A,862,39.34730172576669
Task A,863,23.679744630994737
Task A,864,24.170503095342823
Task A,865,32.39761328843767
Task A,866,18.656469339447582
Task A,867,24.374466598030427
Task A,868,30.65726775689301
Task A,869,33.230164058782364
Task A,870,39.38220352873765
Task A,871,29.014935657481377
Task A,872,44.869000031214995
Task A,873,25.27673765133484
Task A,874,18.34044033863092
Task A,875,38.672487077175106
Task A,876,36.497152393220794
Task A,877,41.656736087606134
Task A,878,16.06648463446326
Task A,879,35.702905606516936
Task A,880,24.80230858168937
Task A,881,31.129451314549716
Task A,882,32.60473921976153
Task A,883,24.709447128419214
Task A,884,26.392606802637502
Task A,885,42.96520219751212
Task A,886,36.39504460482957
Task A,887,28.972971880973283
Task A,888,38.89680744833272
Task A,889,29.125893167076683
Task A,890,48.472795021450835
Task A,891,28.29066511186016
Task A,892,33.56026867535671
Task A,893,39.20923444844861
Task A,894,23.131794708273166
Task A,895,15.620944694917796
Task A,896,52.09287438955142
Task A,897,48.20849459636192
Task A,898,21.822379106275584
Task A,899,30.336466661950933
Task A,900,23.848204335909628
Task A,901,51.89460405542955
Task A,902,31.064644808807376
Task A,903,25.884183725096662
Task A,904,45.53119260722308
Task A,905,50.4986465234894
Task A,906,38.98481149296822
Task A,907,29.74019838972867
Task A,908,24.738577757756232
Task A,909,35.432205898215955
Task A,910,23.530563055086986
Task A,911,26.979592320453506
Task A,912,27.06507428838787
Task A,913,36.25444792729141
Task A,914,31.048978914506105
Task A,915,11.549349932072525
Task A,916,29.481279413317807
Task A,917,37.915800467596895
Task A,918,18.159190846651576
Task A,919,51.76039046936958
Task A,920,23.291284279938772
Task A,921,29.911907152130937
Task A,922,36.23486184634136
Task A,923,33.81102778766531
Task A,924,40.3365814231727
Task A,925,26.66627303896093
Task A,926,47.021700058109275
Task A,927,23.438081792110523
Task A,928,37.117039293655864
Task A,929,25.45484344132916
Task A,930,36.368114339905446
Task A,931,29.491620264113415
Task A,932,23.35522952690294
Task A,933,24.905081968788302
Task A,934,11.590360211794332
Task A,935,25.119983884017955
Task A,936,27.459814016249098
Task A,937,28.544257497800654
Task A,938,28.97857378020092
Task A,939,26.710710175045733
Task A,940,35.680992700515475
Task A,941,37.66031997833329
Task A,942,35.54541025778154
Task A,943,38.51844693898274
Task A,944,42.38725315711041
Task A,945,23.652744533309118
Task A,946,38.12075842790555
Task A,947,37.53345122811504
Task A,948,25.103008087684792
Task A,949,31.83767733927632
Task A,950,49.87871562497931
Task A,951,32.5720045012599
Task A,952,29.701157495089333
Task A,953,23.864093392833674
Task A,954,13.08458577513817
Task A,955,57.671113036913766
Task A,956,42.258496193287186
Task A,957,16.290824248811894
Task A,958,34.589069851695996
Task A,959,12.056319294880229
Task A,960,20.710255789225055
Task A,961,23.19480338963777
Task A,962,27.85499132278776
Task A,963,41.947745450215244
Task A,964,25.539963804909206
Task A,965,31.382277105255465
Task A,966,31.354353627239586
Task A,967,22.185462469703737
Task A,968,31.69051997917886
Task A,969,19.10904592882322
Task A,970,29.247260377036834
Task A,971,48.317383929813445
Task A,972,41.20290350164089
Task A,973,18.700116469382575
Task A,974,31.610376215641573
Task A,975,24.905002689892925
Task A,976,44.3317228570534
Task A,977,31.57970376960208
Task A,978,18.58656086771694
Task A,979,31.279086681182946
Task A,980,22.341077446425498
Task A,981,49.98175591984335
Task A,982,31.077810997909605
Task A,983,19.38668861836974
Task A,984,25.104514104329567
Task A,985,22.322948691736507
Task A,986,20.23568822219152
Task A,987,25.383229792323576
Task A,988,31.72881182061157
Task A,989,24.515251289511326
Task A,990,30.30877457135789
Task A,991,49.60823821171597
Task A,992,43.06218130955075
Task A,993,18.83689538486299
Task A,994,27.089603464210718
Task A,995,36.354675753809616
Task A,996,13.722749158655251
Task A,997,39.91654514380912
Task A,998,18.881806254195155
Task A,999,19.108654122625815
Task A,1000,44.312670579858164
Task B,1,7.713267134990165
Task B,2,4.931534589392102
Task B,3,6.569000132044027
Task B,4,8.191436119841725
Task B,5,8.195553283430744
Task B,6,4.753776205275373
Task B,7,9.88609360348102
Task B,8,7.816413024887694
Task B,9,4.453215980268463
Task B,10,5.025266351596821
Task B,11,4.758296435316459
Task B,12,4.8429774772838305
Task B,13,6.918003366601801
Task B,14,9.863016102625311
Task B,15,4.034964872011276
Task B,16,8.818930142145252
Task B,17,1.1050454051437422
Task B,18,5.6188098285320045
Task B,19,2.5525732505686705
Task B,20,3.0962486212106772
Task B,21,8.016547578042204
Task B,22,5.273198982433162
Task B,23,2.485508629181715
Task B,24,7.341577442801765
Task B,25,9.302743044948398
Task B,26,5.150142835057701
Task B,27,3.6278324452794
Task B,28,7.803663441389872
Task B,29,1.6376420873285835
Task B,30,9.600163015163455
Task B,31,8.611061287952634
Task B,32,9.892021850465623
Task B,33,4.595870278718182
Task B,34,2.7350579310735625
Task B,35,5.808464498837282
Task B,36,6.462721867645791
Task B,37,3.173744057296765
Task B,38,4.830460986998741
Task B,39,5.516237076098185
Task B,40,4.965824281459714
Task B,41,4.379580663404051
Task B,42,2.6422762117792606
Task B,43,2.556072241240827
Task B,44,1.8675551013087786
Task B,45,2.7619033668185526
Task B,46,1.4572415255025122
Task B,47,6.158673324951229
Task B,48,9.904373910484
Task B,49,8.620168124530668
Task B,50,2.0435195890887226
Task B,51,9.14766781870009
Task B,52,6.989317650848708
Task B,53,6.381329451529345
Task B,54,6.618742319980961
Task B,55,8.718767562997968
Task B,56,5.553116026918189
Task B,57,7.325171433837622
Task B,58,5.393583698763727
Task B,59,1.7788113973880055
Task B,60,3.0438937998247724
Task B,61,6.339767049316527
Task B,62,6.152334510581525
Task B,63,5.5869329450361125
Task B,64,5.286510122441591
Task B,65,5.571719150311037
Task B,66,3.4561355963579286
Task B,67,1.4386207048132547
Task B,68,9.77131889816363
Task B,69,9.54355250485915
Task B,70,2.1079506449241663
Task B,71,1.225553390336926
Task B,72,6.008223537143864
Task B,73,5.843742668218306
Task B,74,4.885612536341872
Task B,75,7.100299266044283
Task B,76,1.394739254376801
Task B,77,4.673914853349146
Task B,78,5.6777701752449
Task B,79,3.2158241258425586
Task B,80,3.9541836650653353
Task B,81,9.953485325122164
Task B,82,8.366318225553206
Task B,83,3.614114299462731
Task B,84,2.7057128832745936
Task B,85,8.87535899909959
Task B,86,6.9635884010192495
Task B,87,3.609662604650798
Task B,88,7.852825508624861
Task B,89,9.247309888495899
Task B,90,9.711561538817122
Task B,91,7.9245435015168635
Task B,92,4.813116101110463
Task B,93,2.4203209900848224
Task B,94,3.4442108534057585
Task B,95,4.751027830220494
Task B,96,6.96114795901584
Task B,97,4.614278397672072
Task B,98,4.781691692592906
Task B,99,1.069512010422879
Task B,100,2.0926673157974776
Task B,101,2.631687432723429
Task B,102,5.413555568718067
Task B,103,7.175638971866995
Task B,104,4.12590351386674
Task B,105,3.02957311481974
Task B,106,7.326316305110885
Task B,107,9.414200764171817
Task B,108,8.204978031360707
Task B,109,9.674809415601915
Task B,110,7.375018387874217
Task B,111,9.96670747008915
Task B,112,6.531771907926083
Task B,113,9.919752452122722
Task B,114,7.581898835042731
Task B,115,5.890889587920866
Task B,116,1.6206514874634168
Task B,117,2.9816676145013004
Task B,118,3.7101327577540557
Task B,119,4.51948563783543
Task B,120,7.665890055048248
Task B,121,6.799527788831753
Task B,122,9.097213354101239
Task B,123,6.448441566242709
Task B,124,3.18964670665225
Task B,125,2.3020994986501004
Task B,126,3.085809232562258
Task B,127,8.611288211508219
Task B,128,8.498512811726249
Task B,129,3.015824082875931
Task B,130,1.229796212458679
Task B,131,6.847922704640549
Task B,132,3.9195097926011875
Task B,133,9.625307294903887
Task B,134,5.442620899218774
Task B,135,9.950122059506109
Task B,136,4.397827161097581
Task B,137,8.680574706862966
Task B,138,1.3226581191390334
Task B,139,2.261271688154082
Task B,140,2.589448612351397
Task B,141,6.3200752870025845
Task B,142,7.941660749501182
Task B,143,2.5636697119931036
Task B,144,2.7756381204271414
Task B,145,3.8068943907743384
Task B,146,3.940802534365382
Task B,147,4.593976061320844
Task B,148,7.4080860700690545
Task B,149,5.9751859799972316
Task B,150,1.7392843116752128
Task B,151,2.501136562999474
Task B,152,7.8511793790898246
Task B,153,5.99329933083682
Task B,154,9.784699336126053
Task B,155,1.2405617209441244
Task B,156,7.742895783481564
Task B,157,9.847609504752203
Task B,158,1.6948209836817736
Task B,159,9.876445910213016
Task B,160,5.87896323829788
Task B,161,4.9280653186428
Task B,162,3.5682812186215895
Task B,163,6.752283245892326
Task B,164,9.202822199481124
Task B,165,3.478017684802439
Task B,166,2.781699141705677
Task B,167,6.410561828727329
Task B,168,7.294232827629888
Task B,169,5.781885334627189
Task B,170,8.806205461455356
Task B,171,2.1124112399798363
Task B,172,8.71453397174822
Task B,173,3.62968416067742
Task B,174,4.8479469335637635
Task B,175,3.9617299086206
Task B,176,6.924525641921327
Task B,177,6.045151332360641
Task B,178,3.0709488211430997
Task B,179,2.377774628232142
Task B,180,3.791514818585621
Task B,181,3.2069591700469706
Task B,182,1.6748072662944695
Task B,183,8.842864432340598
Task B,184,7.289646098638402
Task B,185,1.6414410313209111
Task B,186,5.131197985946027
Task B,187,9.322401400427845
Task B,188,1.2894882770789762
Task B,189,4.651227825562213
Task B,190,3.989019933711493
Task B,191,6.665536874056276
Task B,192,4.248809905523925
Task B,193,8.307905656223724
Task B,194,1.4574994537115011
Task B,195,6.713079032176516
Task B,196,7.14145335432816
Task B,197,8.932371915861035
Task B,198,7.583800467476623
Task B,199,8.56503241923291
Task B,200,9.510452066004328
Task B,201,6.107675860810194
Task B,202,9.444655080523194
Task B,203,5.160257157572917
Task B,204,7.528487635561909
Task B,205,5.748317796773699
Task B,206,4.607590831532554
Task B,207,3.1107434514620174
Task B,208,8.49707997804203
Task B,209,8.602899649618296
Task B,210,8.48689383852821
Task B,211,9.238282261853376
Task B,212,2.0592697312300596
Task B,213,5.615139541941882
Task B,214,3.6321664892918855
Task B,215,4.1670238232188535
Task B,216,4.383835474605954
Task B,217,5.001995808597133
Task B,218,8.032924405254942
Task B,219,8.631214076109071
Task B,220,6.5116191892305775
Task B,221,8.13877573862915
Task B,222,6.15772518053162
Task B,223,2.594294053985552
Task B,224,3.738907507306198
Task B,225,9.699970629233208
Task B,226,8.966771231364191
Task B,227,5.977083953993996
Task B,228,1.4178062458915681
Task B,229,4.069852782930331
Task B,230,5.588652669743656
Task B,231,6.439611662009969
Task B,232,5.733077701395896
Task B,233,1.8141686627761224
Task B,234,4.256920352639345
Task B,235,8.052077157644366
Task B,236,9.906648346140775
Task B,237,8.644899107540045
Task B,238,2.6619518750563578
Task B,239,4.757392622308135
Task B,240,5.375921295649085
Task B,241,1.9358200187775392
Task B,242,4.6096437953346765
Task B,243,7.453479435220934
Task B,244,7.3294393802616185
Task B,245,8.861559431021938
Task B,246,4.167990730129396
Task B,247,4.443005037174005
Task B,248,4.245714312579434
Task B,249,9.320287574309651
Task B,250,2.6460465223544687
Task B,251,7.24234115442775
Task B,252,4.832843356848636
Task B,253,7.445350843464618
Task B,254,1.348508112231964
Task B,255,4.156798299405924
Task B,256,8.336542534288188
Task B,257,8.624221200346094
Task B,258,6.892190761353751
Task B,259,8.52998508623751
Task B,260,1.259052528673557
Task B,261,8.024021087837536
Task B,262,8.805038150449917
Task B,263,7.488941194076235
Task B,264,6.3150614588715275
Task B,265,2.643354917639725
Task B,266,7.6385389489376525
Task B,267,4.776807367686372
Task B,268,4.285953805111994
Task B,269,9.856740195379942
Task B,270,1.2896558992047777
Task B,271,7.776149682562158
Task B,272,9.58546711963166
Task B,273,8.552908707124027
Task B,274,6.876918097438811
Task B,275,6.523524852958817
Task B,276,2.484827123027549
Task B,277,9.580858735187082
Task B,278,4.482932586927617
Task B,279,6.605258890874683
Task B,280,7.603090324962441
Task B,281,8.696704889799445
Task B,282,3.3983101189604117
Task B,283,3.125177445786652
Task B,284,8.899399346228234
Task B,285,1.0369610484171425
Task B,286,4.915816133942114
Task B,287,2.182560306117468
Task B,288,3.636736768285566
Task B,289,6.404242272305542
Task B,290,3.7840395286175195
Task B,291,6.037779449268282
Task B,292,7.201502446021937
Task B,293,1.804266429230573
Task B,294,2.67370139601136
Task B,295,5.743083914051112
Task B,296,6.519699551987713
Task B,297,7.474254700366151
Task B,298,4.5412658558503525
Task B,299,1.7451856161419812
Task B,300,2.5892905501775236
Task B,301,7.2864738975096905
Task B,302,1.7221756856603014
Task B,303,2.025855221333048
Task B,304,6.302152580375057
Task B,305,4.075078888603569
Task B,306,6.916347881755807
Task B,307,7.2574113970181005
Task B,308,4.312653037202763
Task B,309,2.2246296964241936
Task B,310,3.6762232256136746
Task B,311,2.9070180996939765
Task B,312,7.362708209683605
Task B,313,9.7022787984219
Task B,314,5.873996877589655
Task B,315,3.509852299602237
Task B,316,8.3697669210896
Task B,317,2.1950663125842604
Task B,318,8.804795251864213
Task B,319,9.531269568646776
Task B,320,2.120785517969301
Task B,321,1.8516513459881017
Task B,322,2.117013919697526
Task B,323,6.756093488520797
Task B,324,8.033841711856809
Task B,325,3.7393204085645015
Task B,326,3.2584875823740074
Task B,327,3.432373728150536
Task B,328,7.470971131408901
Task B,329,4.69081854056336
Task B,330,4.7300165969812085
Task B,331,9.781909116201744
Task B,332,4.5517729627002765
Task B,333,8.476844225547591
Task B,334,5.771218990447162
Task B,335,6.24709778408093
Task B,336,3.54952825782976
Task B,337,5.939356040712117
Task B,338,1.371930796790703
Task B,339,5.514060555269364
Task B,340,2.5828313258866333
Task B,341,5.109867469116296
Task B,342,6.881104834881858
Task B,343,2.608589236527065
Task B,344,6.0600781720566745
Task B,345,1.1928277042207127
Task B,346,3.9989871981207363
Task B,347,4.2464742293528035
Task B,348,5.913829315480757
Task B,349,2.9658183931504043
Task B,350,8.921500883067747
Task B,351,2.1750588233515855
Task B,352,8.897841926544267
Task B,353,9.110959835678557
Task B,354,2.2465148934904815
Task B,355,6.493953690534923
Task B,356,3.02718712350263
Task B,357,5.124377627971742
Task B,358,2.0030532929606637
Task B,359,8.387199378526235
Task B,360,4.533167137603014
Task B,361,7.221893813130359
Task B,362,2.5283024710638067
Task B,363,3.5230699489494097
Task B,364,4.611116180121327
Task B,365,3.6541050544059033
Task B,366,5.334660942635508
Task B,367,2.305656588757493
Task B,368,5.4072139746076475
Task B,369,5.3396408905314985
Task B,370,7.452845781612736
Task B,371,5.62434723399789
Task B,372,3.381931852942036
Task B,373,1.1936464953982628
Task B,374,5.979629810780858
Task B,375,1.141084760238992
Task B,376,4.935335264387371
Task B,377,7.136359365912915
Task B,378,8.481212420001567
Task B,379,4.798539217830264
Task B,380,8.759812311156347
Task B,381,3.591046538644193
Task B,382,1.8963627989010208
Task B,383,4.001195054145187
Task B,384,9.859680824245796
Task B,385,8.300678627506194
Task B,386,8.203793837918578
Task B,387,3.425085713135953
Task B,388,2.7510794039073314
Task B,389,8.675202572320519
Task B,390,2.40935955473437
Task B,391,5.625916785873652
Task B,392,3.8876056570363255
Task B,393,4.10912710800622
Task B,394,6.965321859007195
Task B,395,8.576969918608363
Task B,396,4.771447565002703
Task B,397,6.140073228098245
Task B,398,4.170380539383987
Task B,399,8.860375177548303
Task B,400,3.8708319041013652
Task B,401,6.636020721613473
Task B,402,8.873350067098098
Task B,403,3.703593467645309
Task B,404,8.250567910415436
Task B,405,3.8115648914416256
Task B,406,5.9378700077555315
Task B,407,8.011075893893114
Task B,408,2.3543427985558036
Task B,409,5.526883126484611
Task B,410,4.413585206701104
Task B,411,1.514966610214462
Task B,412,3.639472103580528
Task B,413,6.778654872348578
Task B,414,8.29744979441393
Task B,415,7.0234399477299
Task B,416,6.736847767239128
Task B,417,8.292506638274329
Task B,418,5.606000783486409
Task B,419,4.436415881279437
Task B,420,8.91410635582125
Task B,421,9.185061571518588
Task B,422,5.540109838959237
Task B,423,8.67607456064322
Task B,424,2.893374031200324
Task B,425,3.787533932311492
Task B,426,3.3466657018539667
Task B,427,9.145909760425342
Task B,428,5.896167803677146
Task B,429,6.6038361946644795
Task B,430,4.942619424599715
Task B,431,3.0781348231436496
Task B,432,2.477285413455008
Task B,433,9.244970372676342
Task B,434,1.1663775175036484
Task B,435,8.855609568799943
Task B,436,5.907994050462882
Task B,437,9.420972335802697
Task B,438,5.54169308531791
Task B,439,1.5640910622863573
Task B,440,8.377105906531542
Task B,441,2.111753570955677
Task B,442,3.5319973949297823
Task B,443,2.329616321806606
Task B,444,6.503763134877085
Task B,445,4.390145369435053
Task B,446,4.384311913535724
Task B,447,3.9597325515402653
Task B,448,3.5216968224705467
Task B,449,7.321412280547211
Task B,450,1.763773247278281
Task B,451,2.1988360124767037
Task B,452,1.501047117378027
Task B,453,1.999117351625594
Task B,454,2.6582528840667727
Task B,455,2.0094340841933707
Task B,456,4.100058659598092
Task B,457,8.232058675932286
Task B,458,9.128529275781647
Task B,459,5.047642506635379
Task B,460,2.5858018440025647
Task B,461,9.677280334604648
Task B,462,5.265376366321393
Task B,463,2.189327764123224
Task B,464,8.45664571740872
Task B,465,6.951497943662746
Task B,466,1.0178399354668282
Task B,467,7.120360777676406
Task B,468,6.446873805250318
Task B,469,2.4703896313508302
Task B,470,2.275370400009625
Task B,471,7.085329927543021
Task B,472,8.74829572253649
Task B,473,5.68608741869044
Task B,474,7.7971236899355265
Task B,475,3.8252221583508255
Task B,476,4.7491409993935125
Task B,477,6.078757245662502
Task B,478,8.111546542486472
Task B,479,4.551609976740385
Task B,480,2.5402606311269222
Task B,481,7.354196085395735
Task B,482,6.324566135285784
Task B,483,3.394586658207714
Task B,484,6.0602032264965695
Task B,485,6.831929276847454
Task B,486,8.45510265995358
Task B,487,8.92065362473445
Task B,488,7.002790500655148
Task B,489,7.907421691668462
Task B,490,6.666110937977471
Task B,491,5.181023431314713
Task B,492,2.55811525969292
Task B,493,4.363516760634164
Task B,494,3.068093634644163
Task B,495,2.4029573446574566
Task B,496,7.4962743015735835
Task B,497,4.43290407847249
Task B,498,2.248067578544984
Task B,499,6.562020234311406
Task B,500,2.3669436704075864
Task B,501,2.6164280411665546
Task B,502,9.379850859119262
Task B,503,4.3982152993137635
Task B,504,6.536139530669189
Task B,505,6.482297239994484
Task B,506,7.219365899735204
Task B,507,6.709343493453169
Task B,508,4.5290353317522545
Task B,509,3.151032143975812
Task B,510,2.9132548915732883
Task B,511,1.683193771987197
Task B,512,3.9378833808106326
Task B,513,7.355581233571274
Task B,514,5.392001932218803
Task B,515,1.5496549345559605
Task B,516,4.416161926582013
Task B,517,5.940898845221431
Task B,518,4.183448761629335
Task B,519,2.5935970694937716
Task B,520,8.825072111017647
Task B,521,6.1758871532671655
Task B,522,9.553414612382177
Task B,523,1.5838119400985247
Task B,524,2.235089103261902
Task B,525,2.352666807069247
Task B,526,4.319361939607134
Task B,527,9.014182324153857
Task B,528,4.173131818122139
Task B,529,9.031431656611522
Task B,530,8.037773702279313
Task B,531,1.182549093639865
Task B,532,6.423459525068681
Task B,533,1.8453525609691201
Task B,534,3.3854328244400977
Task B,535,6.633119345499151
Task B,536,8.668718383578483
Task B,537,2.8995844817364302
Task B,538,3.5350252993750075
Task B,539,3.8031474718423333
Task B,540,4.183262994623352
Task B,541,9.836456491416167
Task B,542,5.036558959933085
Task B,543,1.2063584309154907
Task B,544,8.752167454670268
Task B,545,8.759348989701907
Task B,546,2.8875007902803733
Task B,547,6.339529090721308
Task B,548,1.710709036214741
Task B,549,8.564733281072368
Task B,550,4.3005898116974075
Task B,551,8.763074435927553
Task B,552,6.968898196214238
Task B,553,1.418747140103378
Task B,554,8.881070007666938
Task B,555,8.225647841958239
Task B,556,4.686957665792708
Task B,557,2.158429431584952
Task B,558,5.188020676998069
Task B,559,8.018626153572914
Task B,560,3.400313232797871
Task B,561,3.036873538294675
Task B,562,7.327427655968298
Task B,563,3.8901745018952747
Task B,564,9.220042529500713
Task B,565,3.502820905559039
Task B,566,5.03605883771063
Task B,567,4.5574331319897174
Task B,568,2.354578677769732
Task B,569,9.20923576640712
Task B,570,3.6043029494059615
Task B,571,6.303716431070423
Task B,572,2.4998408720066196
Task B,573,4.212916425901726
Task B,574,2.3144977027172504
Task B,575,7.763836865639185
Task B,576,3.9755640675788086
Task B,577,2.197198230411767
Task B,578,8.792063672438584
Task B,579,8.276963553311596
Task B,580,6.156620356085776
Task B,581,6.551234894210507
Task B,582,5.656854174468421
Task B,583,6.026039529626848
Task B,584,9.433985487297845
Task B,585,3.2626780389069294
Task B,586,8.543828445386833
Task B,587,1.8945291682767915
Task B,588,7.996263744197216
Task B,589,7.069663162261243
Task B,590,2.6537421661506886
Task B,591,4.740356695119476
Task B,592,3.0520102797792568
Task B,593,2.458570463299465
Task B,594,9.931273097216248
Task B,595,4.684286910697297
Task B,596,3.742617866563979
Task B,597,3.8147079644440076
Task B,598,9.055851174329753
Task B,599,1.0498015873470572
Task B,600,2.7133552860580057
Task B,601,9.497098103596871
Task B,602,7.209894705981746
Task B,603,4.680211691428321
Task B,604,9.49729069688481
Task B,605,3.376932737907572
Task B,606,4.9625531716175
Task B,607,6.653504107449126
Task B,608,2.6161190166474375
Task B,609,8.278409006382494
Task B,610,3.555570332927668
Task B,611,9.888608822480188
Task B,612,1.7939414515480863
Task B,613,4.71155389008419
Task B,614,3.983916700761029
Task B,615,4.155567877739751
Task B,616,7.093287518234289
Task B,617,4.158198616547024
Task B,618,8.054398494751638
Task B,619,6.483772099153793
Task B,620,6.8977444641063395
Task B,621,5.369655217398825
Task B,622,8.379852427709253
Task B,623,4.560289168497356
Task B,624,7.3523350449272
Task B,625,4.810708479132661
Task B,626,1.2054082480386668
Task B,627,2.5921149436100936
Task B,628,8.131581565667762
Task B,629,7.555272754429219
Task B,630,4.992725078021142
Task B,631,4.001820837520498
Task B,632,5.481370302248622
Task B,633,2.5389639647591102
Task B,634,8.893855802483474
Task B,635,4.638168452369706
Task B,636,4.639248971892328
Task B,637,4.916202425318154
Task B,638,5.474254644608941
Task B,639,4.615549368809162
Task B,640,7.760827474509952
Task B,641,1.7701250748866193
Task B,642,1.3487503098456977
Task B,643,7.043647387130956
Task B,644,4.270426966208952
Task B,645,3.524274752956291
Task B,646,5.240721410632005
Task B,647,4.369358071314389
Task B,648,8.759812716164989
Task B,649,1.8847370732672426
Task B,650,9.379177137283504
Task B,651,9.632020402397556
Task B,652,5.944333220487696
Task B,653,8.136970189188368
Task B,654,8.266680256693471
Task B,655,6.287219407510145
Task B,656,1.5793918466948518
Task B,657,5.120049931068803
Task B,658,6.591476746304977
Task B,659,7.863661056705084
Task B,660,5.7900417711649315
Task B,661,9.3929040711344
Task B,662,3.4763754113513943
Task B,663,9.060789633070685
Task B,664,4.975990817715383
Task B,665,2.934597155585382
Task B,666,6.162079873576937
Task B,667,6.167874852639423
Task B,668,6.127762723055389
Task B,669,4.487936535639632
Task B,670,9.399841627792025
Task B,671,8.53828771521444
Task B,672,9.190209223608303
Task B,673,6.011625870172844
Task B,674,7.410744810447426
Task B,675,2.290192628260143
Task B,676,6.634966627910289
Task B,677,9.865239724556039
Task B,678,8.25657833339158
Task B,679,1.4373007237781654
Task B,680,6.655299017380439
Task B,681,6.187194441782483
Task B,682,2.4584905163558335
Task B,683,6.105023096145677
Task B,684,2.6574598393313686
Task B,685,8.556778331988285
Task B,686,7.550254756064599
Task B,687,7.178025353915638
Task B,688,2.012635059270176
Task B,689,7.93786819267832
Task B,690,8.92360612342788
Task B,691,9.28691717254515
Task B,692,4.469430349367629
Task B,693,4.771280665987137
Task B,694,1.4317471590871877
Task B,695,1.6999031611138067
Task B,696,8.585627719260982
Task B,697,7.459640316181799
Task B,698,6.905273211109815
Task B,699,1.50501847137929
Task B,700,4.217122846730973
Task B,701,5.151448120524265
Task B,702,5.609925296991314
Task B,703,6.860372425573705
Task B,704,8.048389537789147
Task B,705,1.1584165304158476
Task B,706,6.620282673411499
Task B,707,8.348711135802416
Task B,708,4.071626737130181
Task B,709,1.0139241899368137
Task B,710,5.6501392079206845
Task B,711,5.157327343181528
Task B,712,9.334708107168128
Task B,713,5.017938907928636
Task B,714,3.6948864078874504
Task B,715,7.343145653951089
Task B,716,5.971705401739692
Task B,717,4.52634672555733
Task B,718,4.6825204419881965
Task B,719,2.2902887531870926
Task B,720,1.158126255139706
Task B,721,7.102472467887211
Task B,722,8.231028401275694
Task B,723,7.423666167875494
Task B,724,2.720234015502955
Task B,725,6.089278323154801
Task B,726,2.3871033995734643
Task B,727,5.070736664069422
Task B,728,5.8221159158493245
Task B,729,4.379023678547632
Task B,730,3.8778431771238147
Task B,731,8.65664006508286
Task B,732,5.334153225644383
Task B,733,7.8361167910997445
Task B,734,8.042090955300631
Task B,735,2.8077761293122774
Task B,736,6.084008641122098
Task B,737,3.237840432906406
Task B,738,1.5578970827666518
Task B,739,3.194232209445399
Task B,740,3.7697866716721875
Task B,741,3.348017069111395
Task B,742,2.337658780963098
Task B,743,2.4054831326287034
Task B,744,3.8667585502963346
Task B,745,5.840048879741376
Task B,746,2.471075547398922
Task B,747,8.101427149977997
Task B,748,2.6010100829778864
Task B,749,2.661307825933635
Task B,750,8.28106029441803
Task B,751,7.061981895379629
Task B,752,1.6558509927593659
Task B,753,8.232333657276495
Task B,754,5.053418401094182
Task B,755,6.4898475187862035
Task B,756,8.130490720895235
Task B,757,7.9265659693882675
Task B,758,2.7545989800137614
Task B,759,2.631459400450306
Task B,760,6.625192458369258
Task B,761,4.370550629548861
Task B,762,9.466662788104161
Task B,763,9.396340435201964
Task B,764,6.768252499030782
Task B,765,4.576127341928155
Task B,766,4.57477164401338
Task B,767,6.637251263123615
Task B,768,2.7531079365285507
Task B,769,5.3813223313395415
Task B,770,9.759750669767707
Task B,771,1.6465240473809164
Task B,772,9.732773171590042
Task B,773,1.9291163844748105
Task B,774,7.643472672238897
Task B,775,1.9220767455117107
Task B,776,9.089854840346547
Task B,777,5.3228141888391916
Task B,778,3.0071070103177675
Task B,779,8.511052333973534
Task B,780,9.994304189251517
Task B,781,2.62574886002123
Task B,782,9.635251120234416
Task B,783,1.5457327290977019
Task B,784,5.7160683170624536
Task B,785,9.657664808302405
Task B,786,6.119011238727544
Task B,787,1.951118940879181
Task B,788,3.5072902985067502
Task B,789,3.017037271096024
Task B,790,5.991604021535152
Task B,791,9.356391817868042
Task B,792,1.264342830944369
Task B,793,1.1820657252696831
Task B,794,3.9695806138790006
Task B,795,4.455769847951327
Task B,796,5.934581751194667
Task B,797,3.5617054263657266
Task B,798,7.0288825898324685
Task B,799,9.396263437227198
Task B,800,6.681574355634261
Task B,801,4.8261049066187685
Task B,802,8.220618786983522
Task B,803,5.0270388229285174
Task B,804,7.832078994654678
Task B,805,4.941825050874625
Task B,806,8.451936882038424
Task B,807,4.513946206326109
Task B,808,5.892745396763819
Task B,809,5.926642840834618
Task B,810,1.2940492758051967
Task B,811,7.819006852346531
Task B,812,4.490880958544621
Task B,813,1.5119822058573216
Task B,814,6.6061743291665405
Task B,815,6.27893355265417
Task B,816,4.688260247458517
Task B,817,9.359543567706623
Task B,818,9.54786670227658
Task B,819,8.850247789040381
Task B,820,2.931877760242172
Task B,821,6.74769762346295
Task B,822,9.016527211418039
Task B,823,3.585891313628516
Task B,824,3.572224917105605
Task B,825,5.912735415247471
Task B,826,8.981255177728489
Task B,827,8.981870541530713
Task B,828,5.942247779671186
Task B,829,8.772427732121988
Task B,830,3.0392789932795745
Task B,831,1.5501219520563014
Task B,832,2.0399946818717627
Task B,833,2.1311486242807987
Task B,834,7.3133602310057535
Task B,835,3.7066981954981033
Task B,836,4.926261573904402
Task B,837,4.5177099156094656
Task B,838,1.9845848011779577
Task B,839,5.252027518432346
Task B,840,2.3474707199184435
Task B,841,4.335237851166722
Task B,842,9.401682855734713
Task B,843,7.256872578111533
Task B,844,6.722304796332139
Task B,845,3.3131921010006176
Task B,846,4.482513457816335
Task B,847,8.865041897162646
Task B,848,5.001589682250867
Task B,849,6.450544204441368
Task B,850,6.832496407178985
Task B,851,3.073428915357229
Task B,852,7.009807577994438
Task B,853,4.4765529920716
Task B,854,7.7244708260821335
Task B,855,7.817361117180006
Task B,856,7.9091281841365015
Task B,857,6.163676852218518
Task B,858,9.970618762778782
Task B,859,9.834923246651243
Task B,860,3.9750204884270532
Task B,861,4.4503699423066525
Task B,862,7.316025628322883
Task B,863,4.462245294397802
Task B,864,9.558113084498025
Task B,865,3.22321406595626
Task B,866,9.214188060377921
Task B,867,4.126961544808795
Task B,868,4.75527332927893
Task B,869,8.839536526576904
Task B,870,6.2304826407069935
Task B,871,5.492829988105347
Task B,872,4.683961864679521
Task B,873,6.76092048699967
Task B,874,5.030029514926882
Task B,875,4.638716909760712
Task B,876,2.478282877295569
Task B,877,4.066646611739166
Task B,878,2.3840270003920003
Task B,879,5.638624300063805
Task B,880,1.972182208779838
Task B,881,7.921403080419893
Task B,882,3.905869061451653
Task B,883,9.17199394561276
Task B,884,3.4615573046543204
Task B,885,1.1078578832256203
Task B,886,4.800210533660232
Task B,887,6.824435750825028
Task B,888,2.8507499120978737
Task B,889,5.8596488004246385
Task B,890,7.559509472865853
Task B,891,8.292808992790516
Task B,892,2.021312199745122
Task B,893,7.659327919162258
Task B,894,2.405984960207933
Task B,895,4.274593924748449
Task B,896,3.844948081718357
Task B,897,6.444024379151326
Task B,898,6.282630780406983
Task B,899,6.3732927504015215
Task B,900,2.348522935260834
Task B,901,2.0667607126730365
Task B,902,4.811217923148626
Task B,903,4.231520802116929
Task B,904,6.248486130119463
Task B,905,4.4914492287084915
Task B,906,2.132764261218827
Task B,907,4.083783850485766
Task B,908,3.5778855391864175
Task B,909,3.9555051137978947
Task B,910,5.648834647724306
Task B,911,7.757653395261237
Task B,912,6.878752405963817
Task B,913,6.836790295022278
Task B,914,4.906569343093851
Task B,915,2.844759603951845
Task B,916,7.221071322264472
Task B,917,1.7838246830458862
Task B,918,1.4132964272780963
Task B,919,7.4749496849116355
Task B,920,5.983413881095674
Task B,921,6.092602514772348
Task B,922,2.06956051145473
Task B,923,7.16004765350253
Task B,924,8.332261411957322
Task B,925,9.574737653566642
Task B,926,1.3707391241505358
Task B,927,8.25703639027876
Task B,928,2.20915497162218
Task B,929,9.106818457554452
Task B,930,1.5319628134849408
Task B,931,7.480200048765462
Task B,932,9.117208794524153
Task B,933,1.2550313559634096
Task B,934,1.9107162691921475
Task B,935,3.947255239102978
Task B,936,3.2368402876488407
Task B,937,8.799456799759067
Task B,938,6.917491215660645
Task B,939,6.591938479760643
Task B,940,2.9872191588833097
Task B,941,1.1673462344301353
Task B,942,4.1459757406966435
Task B,943,7.506931545060107
Task B,944,7.98784562941522
Task B,945,4.683608889806426
Task B,946,5.26381662947911
Task B,947,7.743036896464174
Task B,948,9.390056292742807
Task B,949,1.1027440216817062
Task B,950,1.155969172165004
Task B,951,8.40541385003447
Task B,952,2.4160520345638705
Task B,953,9.060369614278198
Task B,954,7.294784050704563
Task B,955,4.183224977923796
Task B,956,2.515779311132528
Task B,957,5.821406830139379
Task B,958,7.9295748907578965
Task B,959,4.349314607973336
Task B,960,7.835481609870197
Task B,961,4.272243171628514
Task B,962,3.5509260226291253
Task B,963,5.488590144781275
Task B,964,6.751796234403567
Task B,965,3.450864551719966
Task B,966,4.622331250042615
Task B,967,4.727617133863343
Task B,968,3.9287502544621185
Task B,969,9.916815683070977
Task B,970,6.283900768168731
Task B,971,7.680780968805176
Task B,972,3.7197098871405867
Task B,973,2.4599094517725644
Task B,974,3.002272964226153
Task B,975,3.506348279361899
Task B,976,4.238519757818311
Task B,977,5.37182954486062
Task B,978,5.004594699169392
Task B,979,8.65271253286053
Task B,980,3.671759199520238
Task B,981,5.1662630980109645
Task B,982,9.180441756255693
Task B,983,3.5618753310482005
Task B,984,2.2204218351668272
Task B,985,8.153917106916285
Task B,986,6.446421630058445
Task B,987,2.0928695606105787
Task B,988,2.513941635096469
Task B,989,9.349643082745764
Task B,990,9.017697902342325
Task B,991,7.673764573427752
Task B,992,7.027175314059855
Task B,993,1.7044769430042854
Task B,994,1.7341896434395156
Task B,995,7.121603587726675
Task B,996,1.384138089850281
Task B,997,9.209175797934227
Task B,998,4.214813668496267
Task B,999,9.213398339708608
Task B,1000,1.67189750512212
